ARTIST,SONG,DATE
Tobyfox,SAVE The World,"Nov 2016,"
Tobyfox,Pathetic House,"Nov 2016,"
Tobyfox,Metal Crusher,"Nov 2016,"
Tobyfox,Heartache,"Nov 2016,"
Tobyfox,Dummy!,"Nov 2016,"
Tobyfox,ASGORE,"Nov 2016,"
Tobyfox,Thundersnail,"Nov 2016,"
Tobyfox,CORE,"Nov 2016,"
Tobyfox,Once Upon a Time,"Nov 2016,"
Kendrick Lamar,Average Joe,"Nov 2016,"
Kendrick Lamar,Momma,"Nov 2016,"
Kendrick Lamar,untitled 01 | 08.19.2014.,"Nov 2016,"
The Weeknd,Sidewalks,"Nov 2016,"
Drake,Hotline Bling,"Nov 2016,"
The Weeknd,I Feel It Coming,"Nov 2016,"
The Weeknd,Starboy,"Nov 2016,"
James Arthur,Remember Who I Was,"Nov 2016,"
James Arthur,Say You Won't Let Go,"Nov 2016,"
James Arthur,Say You Won't Let Go,"Nov 2016,"
The Weeknd,Six Feet Under,"Nov 2016,"
The Chainsmokers,All We Know,"Nov 2016,"
The Weeknd,Sidewalks,"Nov 2016,"
Sia,Cheap Thrills,"Nov 2016,"
DJ Snake,Let Me Love You,"Nov 2016,"
The Weeknd,A Lonely Night,"Nov 2016,"
Hailee Steinfeld,Starving,"Nov 2016,"
Bruno Mars,24K Magic,"Nov 2016,"
Drake,Fake Love,"Nov 2016,"
Maroon 5,Don't Wanna Know,"Nov 2016,"
The Weeknd,Party Monster,"Nov 2016,"
Frenship,Capsize,"Nov 2016,"
Ariana Grande,Side To Side,"Nov 2016,"
Jonas Blue,Perfect Strangers,"Nov 2016,"
Twenty One Pilots,Ride,"Nov 2016,"
Zara Larsson,Ain't My Fault,"Nov 2016,"
Starley,Call On Me - Ryan Riback Remix,"Nov 2016,"
Alessia Cara,Scars To Your Beautiful,"Nov 2016,"
The Weeknd,Secrets,"Nov 2016,"
Martin Garrix,In the Name of Love,"Nov 2016,"
Zion & Lennox,Otra Vez (feat. J Balvin),"Nov 2016,"
Lil' Wayne,"Sucker For Pain (with Wiz Khalifa, Imagine Dragons, Logic & Ty Dolla $ign feat. X Ambassadors)","Nov 2016,"
Drake,One Dance,"Nov 2016,"
Major Lazer,Cold Water,"Nov 2016,"
The Chainsmokers,Closer,"Nov 2016,"
The Weeknd,False Alarm,"Nov 2016,"
Jonas Blue,Perfect Strangers,"Nov 2016,"
The Weeknd,Six Feet Under,"Nov 2016,"
Shakira,Chantaje,"Nov 2016,"
Tobyfox,Confession,"Nov 2016,"
Clean Bandit,Rockabye (feat. Sean Paul & Anne-Marie),"Nov 2016,"
The Weeknd,Party Monster,"Nov 2016,"
The Weeknd,Starboy,"Nov 2016,"
Drake,Hotline Bling,"Nov 2016,"
Drake,Hotline Bling,"Nov 2016,"
Tobyfox,Hopes And Dreams,"Nov 2016,"
Tobyfox,Uwa!! So Holiday♫,"Nov 2016,"
Tobyfox,Undyne,"Nov 2016,"
Tobyfox,Nyeh Heh Heh!,"Nov 2016,"
Tobyfox,Uwa!! So HEATS!!♫,"Nov 2016,"
Tobyfox,Snowy,"Nov 2016,"
Tobyfox,Shop,"Nov 2016,"
Tobyfox,Barrier,"Nov 2016,"
Tobyfox,Spider Dance,"Nov 2016,"
Tobyfox,Another Medium,"Nov 2016,"
Tobyfox,Alphys,"Nov 2016,"
Tobyfox,Death By Glamour,"Nov 2016,"
Tobyfox,"Can You Really Call This A Hotel, I Didn't Receive A Mint On My Pillow Or Anything","Nov 2016,"
Tobyfox,Heartache,"Nov 2016,"
Tobyfox,Last Goodbye,"Nov 2016,"
Tobyfox,Thundersnail,"Nov 2016,"
Tobyfox,Dogsong,"Nov 2016,"
Tobyfox,Death Report,"Nov 2016,"
Tobyfox,Confession,"Nov 2016,"
Tobyfox,Confession,"Nov 2016,"
Tobyfox,Home (Music Box),"Nov 2016,"
Tobyfox,Uwa!! So Temperate♫,"Nov 2016,"
Tobyfox,Stronger Monsters,"Nov 2016,"
Tobyfox,It's Showtime!,"Nov 2016,"
Tobyfox,Heartache,"Nov 2016,"
Tobyfox,Shop,"Nov 2016,"
Tobyfox,CORE,"Nov 2016,"
Tobyfox,Undertale,"Nov 2016,"
Tobyfox,Menu (Full),"Nov 2016,"
Tobyfox,Good Night,"Nov 2016,"
Tobyfox,Amalgam,"Nov 2016,"
Tobyfox,Here We Are,"Nov 2016,"
Tobyfox,An Ending,"Nov 2016,"
Tobyfox,Finale,"Nov 2016,"
Tobyfox,You Idiot,"Nov 2016,"
Tobyfox,ASGORE,"Nov 2016,"
Tobyfox,Barrier,"Nov 2016,"
Tobyfox,The Choice,"Nov 2016,"
Tobyfox,Song That Might Play When You Fight Sans,"Nov 2016,"
Tobyfox,Undertale,"Nov 2016,"
Tobyfox,For The Fans,"Nov 2016,"
Tobyfox,Death By Glamour,"Nov 2016,"
Tobyfox,CORE,"Nov 2016,"
Tobyfox,It's Raining Somewhere Else,"Nov 2016,"
Tobyfox,Oh! Dungeon,"Nov 2016,"
Tobyfox,Oh! One True Love,"Nov 2016,"
Tobyfox,Wrong Enemy !?,"Nov 2016,"
Tobyfox,Spider Dance,"Nov 2016,"
Tobyfox,Death Report,"Nov 2016,"
Tobyfox,Confession,"Nov 2016,"
Tobyfox,"Can You Really Call This A Hotel, I Didn't Receive A Mint On My Pillow Or Anything","Nov 2016,"
Tobyfox,Hotel,"Nov 2016,"
Tobyfox,Stronger Monsters,"Nov 2016,"
Tobyfox,Uwa!! So HEATS!!♫,"Nov 2016,"
Tobyfox,Another Medium,"Nov 2016,"
Tobyfox,Metal Crusher,"Nov 2016,"
Tobyfox,It's Showtime!,"Nov 2016,"
Tobyfox,Alphys,"Nov 2016,"
Tobyfox,Spear of Justice,"Nov 2016,"
Tobyfox,NGAHHH!!,"Nov 2016,"
Tobyfox,Tem Shop,"Nov 2016,"
Tobyfox,Temmie Village,"Nov 2016,"
Tobyfox,Thundersnail,"Nov 2016,"
Tobyfox,Chill,"Nov 2016,"
Tobyfox,Pathetic House,"Nov 2016,"
Tobyfox,Dummy!,"Nov 2016,"
Tobyfox,Memory,"Nov 2016,"
Tobyfox,Quiet Water,"Nov 2016,"
Tobyfox,Waterfall,"Nov 2016,"
Tobyfox,Undyne,"Nov 2016,"
Tobyfox,Premonition,"Nov 2016,"
Tobyfox,Dating Fight!,"Nov 2016,"
Tobyfox,Dating Start!,"Nov 2016,"
Tobyfox,Bonetrousle,"Nov 2016,"
Tobyfox,Shop,"Nov 2016,"
Tobyfox,Snowdin Town,"Nov 2016,"
Tobyfox,Dogsong,"Nov 2016,"
Tobyfox,Mysterious Place,"Nov 2016,"
Tobyfox,Uwa!! So Holiday♫,"Nov 2016,"
Tobyfox,Snowy,"Nov 2016,"
Tobyfox,Nyeh Heh Heh!,"Nov 2016,"
Tobyfox,Sans.,"Nov 2016,"
Tobyfox,Heartache,"Nov 2016,"
Tobyfox,Home (Music Box),"Nov 2016,"
Tobyfox,Home,"Nov 2016,"
Tobyfox,Determination,"Nov 2016,"
Tobyfox,Ghost Fight,"Nov 2016,"
Tobyfox,Enemy Approaching,"Nov 2016,"
Tobyfox,Uwa!! So Temperate♫,"Nov 2016,"
Tobyfox,Ruins,"Nov 2016,"
Tobyfox,Fallen Down,"Nov 2016,"
Tobyfox,Start Menu,"Nov 2016,"
Tobyfox,Once Upon a Time,"Nov 2016,"
The Weeknd,Party Monster,"Nov 2016,"
The Weeknd,Starboy,"Nov 2016,"
The Weeknd,I Feel It Coming,"Nov 2016,"
The Weeknd,Die For You,"Nov 2016,"
The Weeknd,All I Know,"Nov 2016,"
The Weeknd,Nothing Without You,"Nov 2016,"
The Weeknd,Ordinary Life,"Nov 2016,"
The Weeknd,Attention,"Nov 2016,"
The Weeknd,A Lonely Night,"Nov 2016,"
The Weeknd,Love To Lay,"Nov 2016,"
The Weeknd,Six Feet Under,"Nov 2016,"
The Weeknd,Sidewalks,"Nov 2016,"
The Weeknd,Stargirl Interlude,"Nov 2016,"
The Weeknd,True Colors,"Nov 2016,"
The Weeknd,Secrets,"Nov 2016,"
The Weeknd,Rockin’,"Nov 2016,"
The Weeknd,Reminder,"Nov 2016,"
The Weeknd,False Alarm,"Nov 2016,"
The Weeknd,Party Monster,"Nov 2016,"
The Weeknd,Starboy,"Nov 2016,"
The Weeknd,Starboy,"Nov 2016,"
Two Door Cinema Club,What You Know,"Nov 2016,"
Two Door Cinema Club,Next Year,"Nov 2016,"
Two Door Cinema Club,What You Know,"Nov 2016,"
Childish Gambino,Fire Fly,"Nov 2016,"
Childish Gambino,You See Me,"Nov 2016,"
Childish Gambino,Sober,"Nov 2016,"
Childish Gambino,Me and Your Mama,"Nov 2016,"
Childish Gambino,Me and Your Mama,"Nov 2016,"
Childish Gambino,Me and Your Mama,"Nov 2016,"
Childish Gambino,Redbone,"Nov 2016,"
Childish Gambino,Heartbeat,"Nov 2016,"
Childish Gambino,The Palisades,"Nov 2016,"
Childish Gambino,II. Worldstar,"Nov 2016,"
Childish Gambino,"III. Telegraph Ave. (""Oakland"" by Lloyd)","Nov 2016,"
Childish Gambino,I. The Worst Guys,"Nov 2016,"
Childish Gambino,Heartbeat,"Nov 2016,"
Childish Gambino,Bonfire,"Nov 2016,"
Childish Gambino,Redbone,"Nov 2016,"
Childish Gambino,Sober,"Nov 2016,"
Childish Gambino,IV. Sweatpants,"Nov 2016,"
Childish Gambino,Me and Your Mama,"Nov 2016,"
Childish Gambino,3005,"Nov 2016,"
The Weeknd,I Feel It Coming,"Nov 2016,"
James Arthur,Say You Won't Let Go,"Nov 2016,"
The Weeknd,I Feel It Coming,"Nov 2016,"
tim legend,hope,"Nov 2016,"
Yp,On the Way (feat. Soso),"Nov 2016,"
Paris Lain,Way,"Nov 2016,"
Alextbh,Stoop So Low,"Nov 2016,"
Low Island,End Piece,"Nov 2016,"
Pauli.,BELIEVE IN ME,"Nov 2016,"
Babe,Ayo,"Nov 2016,"
